{"cameraMode":{"drawMode":0,"name":"Shaded","section":"Shading Mode"},"sceneLighting":false,"audioPlay":false,"sceneViewState":{"showFog":true,"showMaterialUpdate":false,"showSkybox":false,"showFlares":true,"showImageEffects":true,"showParticleSystems":true,"showVisualEffectGraphs":true,"m_FxEnabled":true},"in2DMode":false,"pivot":{"x":-0.13587087392807008,"y":1.5197672843933106,"z":-0.20810574293136598},"rotation":{"x":-0.3987582325935364,"y":-0.2870866358280182,"z":0.13298559188842774,"w":-0.8608021140098572},"size":3.0000274181365969,"orthographic":false}