{"cameraMode":{"drawMode":0,"name":"Shaded","section":"Shading Mode"},"sceneLighting":false,"audioPlay":false,"sceneViewState":{"showFog":true,"showMaterialUpdate":false,"showSkybox":false,"showFlares":true,"showImageEffects":true,"showParticleSystems":true,"showVisualEffectGraphs":true,"m_FxEnabled":true},"in2DMode":false,"pivot":{"x":-0.8099353313446045,"y":-0.9284896850585938,"z":0.1864299774169922},"rotation":{"x":-0.3768809735774994,"y":0.005006685387343168,"z":-0.0021155118010938169,"w":-0.9263054728507996},"size":7.338080883026123,"orthographic":false}