{"cameraMode":{"drawMode":0,"name":"Shaded","section":"Shading Mode"},"sceneLighting":false,"audioPlay":false,"sceneViewState":{"showFog":true,"showMaterialUpdate":false,"showSkybox":false,"showFlares":true,"showImageEffects":true,"showParticleSystems":true,"showVisualEffectGraphs":true,"m_FxEnabled":true},"in2DMode":false,"pivot":{"x":-0.052913110703229907,"y":0.6095632314682007,"z":-1.584737777709961},"rotation":{"x":-0.22107923030853272,"y":-0.004961015190929174,"z":0.0010185668943449855,"w":-0.9753023386001587},"size":4.23343563079834,"orthographic":false}