{"cameraMode":{"drawMode":0,"name":"Shaded","section":"Shading Mode"},"sceneLighting":false,"audioPlay":false,"sceneViewState":{"showFog":true,"showMaterialUpdate":false,"showSkybox":false,"showFlares":true,"showImageEffects":true,"showParticleSystems":true,"showVisualEffectGraphs":true,"m_FxEnabled":true},"in2DMode":false,"pivot":{"x":1.7545990943908692,"y":-0.39773863554000857,"z":-1.6527643203735352},"rotation":{"x":-0.14194728434085847,"y":0.38577255606651308,"z":-0.060231857001781467,"w":-0.9096594452857971},"size":4.897556304931641,"orthographic":false}