{"cameraMode":{"drawMode":0,"name":"Shaded","section":"Shading Mode"},"sceneLighting":false,"audioPlay":false,"sceneViewState":{"showFog":true,"showMaterialUpdate":false,"showSkybox":false,"showFlares":true,"showImageEffects":true,"showParticleSystems":true,"showVisualEffectGraphs":true,"m_FxEnabled":true},"in2DMode":false,"pivot":{"x":1.1329857110977173,"y":4.554416179656982,"z":2.3282861709594728},"rotation":{"x":-0.23422734439373017,"y":-0.0005666885990649462,"z":0.00006221509102033451,"w":-0.9722382426261902},"size":14.282907485961914,"orthographic":false}