{"cameraMode":{"drawMode":0,"name":"Shaded","section":"Shading Mode"},"sceneLighting":false,"audioPlay":false,"sceneViewState":{"showFog":true,"showMaterialUpdate":false,"showSkybox":false,"showFlares":true,"showImageEffects":true,"showParticleSystems":true,"showVisualEffectGraphs":true,"m_FxEnabled":true},"in2DMode":false,"pivot":{"x":0.38600313663482668,"y":-0.46271151304244997,"z":0.2582210302352905},"rotation":{"x":-0.26034674048423769,"y":-0.017949538305401803,"z":0.004735036753118038,"w":-0.9653974175453186},"size":2.412372350692749,"orthographic":false}