{"cameraMode":{"drawMode":0,"name":"Shaded","section":"Shading Mode"},"sceneLighting":false,"audioPlay":false,"sceneViewState":{"showFog":true,"showMaterialUpdate":false,"showSkybox":false,"showFlares":true,"showImageEffects":true,"showParticleSystems":true,"showVisualEffectGraphs":true,"m_FxEnabled":true},"in2DMode":false,"pivot":{"x":0.47670668363571169,"y":-0.22064632177352906,"z":0.4121614694595337},"rotation":{"x":-0.22253826260566712,"y":0.006740450859069824,"z":-0.0016430845716968179,"w":-0.9749594330787659},"size":2.412372350692749,"orthographic":false}