{"cameraMode":{"drawMode":0,"name":"Shaded","section":"Shading Mode"},"sceneLighting":false,"audioPlay":false,"sceneViewState":{"showFog":true,"showMaterialUpdate":false,"showSkybox":false,"showFlares":true,"showImageEffects":true,"showParticleSystems":true,"showVisualEffectGraphs":true,"m_FxEnabled":true},"in2DMode":false,"pivot":{"x":0.25451648235321047,"y":0.31284666061401369,"z":-0.8473911285400391},"rotation":{"x":-0.3417949974536896,"y":-0.023126985877752305,"z":0.008273162879049778,"w":-0.9395217895507813},"size":3.2965586185455324,"orthographic":false}