{"cameraMode":{"drawMode":0,"name":"Shaded","section":"Shading Mode"},"sceneLighting":false,"audioPlay":false,"sceneViewState":{"showFog":true,"showMaterialUpdate":false,"showSkybox":false,"showFlares":true,"showImageEffects":true,"showParticleSystems":true,"showVisualEffectGraphs":true,"m_FxEnabled":true},"in2DMode":false,"pivot":{"x":-0.07399573922157288,"y":-1.0704264640808106,"z":2.3393168449401857},"rotation":{"x":-0.24151287972927094,"y":0.0023335746955126526,"z":-0.0007172622717916966,"w":-0.9704608917236328},"size":4.199123859405518,"orthographic":false}