{"cameraMode":{"drawMode":0,"name":"Shaded","section":"Shading Mode"},"sceneLighting":true,"audioPlay":false,"sceneViewState":{"showFog":true,"showMaterialUpdate":false,"showSkybox":true,"showFlares":true,"showImageEffects":true,"showParticleSystems":true,"showVisualEffectGraphs":true,"m_FxEnabled":true},"in2DMode":false,"pivot":{"x":1.9022936820983887,"y":-0.008455276489257813,"z":6.998466491699219},"rotation":{"x":-0.3600953221321106,"y":-0.017364978790283204,"z":0.006561710964888334,"w":-0.9327995181083679},"size":13.073110580444336,"orthographic":false}