{"cameraMode":{"drawMode":0,"name":"Shaded","section":"Shading Mode"},"sceneLighting":false,"audioPlay":false,"sceneViewState":{"showFog":true,"showMaterialUpdate":false,"showSkybox":false,"showFlares":true,"showImageEffects":true,"showParticleSystems":true,"showVisualEffectGraphs":true,"m_FxEnabled":true},"in2DMode":false,"pivot":{"x":-4.882930755615234,"y":-3.3068501949310304,"z":-10.524601936340332},"rotation":{"x":0.004824112169444561,"y":-0.9774318933486939,"z":0.022905658930540086,"w":0.21015438437461854},"size":8.381584167480469,"orthographic":false}