{"cameraMode":{"drawMode":0,"name":"Shaded","section":"Shading Mode"},"sceneLighting":false,"audioPlay":false,"sceneViewState":{"showFog":true,"showMaterialUpdate":false,"showSkybox":false,"showFlares":true,"showImageEffects":true,"showParticleSystems":true,"showVisualEffectGraphs":true,"m_FxEnabled":true},"in2DMode":false,"pivot":{"x":1.5647859573364258,"y":-5.255810737609863,"z":9.642705917358399},"rotation":{"x":0.2859227657318115,"y":0.053170207887887958,"z":-0.015763361006975175,"w":0.9566912055015564},"size":10.480975151062012,"orthographic":false}