{"cameraMode":{"drawMode":0,"name":"Shaded","section":"Shading Mode"},"sceneLighting":false,"audioPlay":false,"sceneViewState":{"showFog":true,"showMaterialUpdate":false,"showSkybox":false,"showFlares":true,"showImageEffects":true,"showParticleSystems":true,"showVisualEffectGraphs":true,"m_FxEnabled":true},"in2DMode":false,"pivot":{"x":-2.9802322387695315e-8,"y":0.8999999761581421,"z":-0.24000000953674317},"rotation":{"x":-0.29065048694610598,"y":-0.01205908227711916,"z":0.003525728592649102,"w":-0.9568135738372803},"size":4.6036787033081059,"orthographic":false}