{"cameraMode":{"drawMode":0,"name":"Shaded","section":"Shading Mode"},"sceneLighting":false,"audioPlay":false,"sceneViewState":{"showFog":true,"showMaterialUpdate":false,"showSkybox":false,"showFlares":true,"showImageEffects":true,"showParticleSystems":true,"showVisualEffectGraphs":true,"m_FxEnabled":true},"in2DMode":false,"pivot":{"x":0.09226004779338837,"y":-0.22103214263916017,"z":-2.2360570430755617},"rotation":{"x":-0.3559509813785553,"y":-0.0019559767097234728,"z":0.0006677794153802097,"w":-0.9345645308494568},"size":7.216294765472412,"orthographic":false}